"","TEAM","SEASON","GP","W","L","WIN.","MIN","PTS","FGM","FGA","FG.","X3PM","X3PA","X3P.","FTM","FTA","FT.","OREB","DREB","REB","AST","TOV","STL","BLK","BLKA","PF","PFD","X...","OFFRTG","DEFRTG","NETRTG","AST.","AST.TO","AST.RATIO","OREB.","DREB.","REB.","TOV.","EFG.","TS.","PACE","PIE","REGION","ABV"
"1","Atlanta Hawks","2015-2016",82,48,34,0.585,48.4,102.8,38.6,84.4,45.8,9.9,28.4,35,15.6,20,78.3,8.3,33.8,42.1,25.6,15,9.1,5.9,5,19.1,18.3,3.6,104.6,100.8,3.9,66.3,1.71,19,23.4,69.8,47.4,15.2,51.6,55.2,97.63,52.8,"East","ATL"
"2","Atlanta Hawks","2018-2019",82,29,53,0.354,48.4,113.3,41.4,91.8,45.1,13,37,35.2,17.6,23.4,75.2,11.6,34.5,46.1,25.8,17,8.2,5.1,5.5,23.6,22.2,-6,107.5,113.1,-5.5,62.4,1.52,17.7,28.4,71.8,49.6,16.2,52.2,55.5,104.56,46.4,"East","ATL"
"3","Atlanta Hawks","2017-2018",82,24,58,0.293,48.1,103.4,38.2,85.5,44.6,11.2,31,36,15.8,20.2,78.5,9.1,32.8,41.9,23.7,15.5,7.8,4.2,5.5,19.6,20.3,-5.5,104.4,110.1,-5.7,62.2,1.53,17.6,26.3,71.9,48.9,15.7,51.2,54.7,98.76,46.8,"East","ATL"
"4","Atlanta Hawks","2016-2017",82,43,39,0.524,48.5,103.2,38.1,84.4,45.1,8.9,26.1,34.1,18.1,24.9,72.8,10.3,34.1,44.3,23.6,15.8,8.2,4.8,5.2,18.2,21.6,-0.9,104.5,105.2,-0.7,62.1,1.5,17.4,28.2,71.7,50.2,16,50.4,54.1,97.76,50.6,"East","ATL"
"5","Boston Celtics","2015-2016",82,48,34,0.585,48.2,105.7,39.2,89.2,43.9,8.7,26.1,33.5,18.5,23.5,78.8,11.6,33.3,44.9,24.2,13.7,9.2,4.2,5.5,21.9,21,3.2,105.8,102.5,3.3,61.6,1.76,17.4,29,70.7,49.5,13.8,48.8,53.1,99.43,52,"East","BOS"
"6","Boston Celtics","2016-2017",82,53,29,0.646,48.2,108,38.6,85.1,45.4,12,33.4,35.9,18.7,23.2,80.7,9.1,32.9,42,25.2,13.3,7.5,4.1,5.2,20.6,20.3,2.6,110.6,108,2.6,65.3,1.9,18.8,25.9,70.5,48.5,13.6,52.5,56.7,97.21,51.4,"East","BOS"
"7","Boston Celtics","2018-2019",82,49,33,0.598,48.2,112.4,42.1,90.5,46.5,12.6,34.5,36.5,15.6,19.5,80.2,9.8,34.7,44.5,26.3,12.8,8.6,5.3,3.9,20.4,19.5,4.4,111.3,107,4.3,62.4,2.05,18.8,25.7,72.8,49.5,12.7,53.4,56.7,100.43,53,"East","BOS"
"8","Boston Celtics","2017-2018",82,55,27,0.671,48.3,104,38.3,85.1,45,11.5,30.4,37.7,16,20.7,77.1,9.4,35.1,44.5,22.5,14,7.4,4.5,4.4,19.7,19.2,3.6,106.8,103.2,3.6,58.6,1.6,17,26.3,73.9,50.4,14.4,51.8,55.2,96.75,51.9,"East","BOS"
"9","Brooklyn Nets","2015-2016",82,21,61,0.256,48.2,98.6,38.2,84.4,45.3,6.5,18.4,35.2,15.7,20.7,75.7,10.5,31.9,42.4,22.3,14.8,7.6,4,5.2,18,18.4,-7.4,102.4,109.7,-7.4,58.3,1.51,17,27.9,71.6,49.4,15.3,49.2,52.7,96.12,46,"East","BKN"
"10","Brooklyn Nets","2017-2018",82,28,54,0.341,48.4,106.6,38.2,86.8,44.1,12.7,35.7,35.6,17.4,22.6,77.2,9.7,34.8,44.4,23.7,15.2,6.2,4.8,5.5,20.6,19.7,-3.7,106.1,109.7,-3.6,61.9,1.56,17.3,25.1,73.1,48.9,15.1,51.4,55.1,99.66,47.4,"East","BKN"
"11","Brooklyn Nets","2016-2017",82,20,62,0.244,48.2,105.8,37.8,85.2,44.4,10.7,31.6,33.8,19.4,24.6,78.8,8.8,35.1,43.9,21.4,16.5,7.2,4.7,5.6,21,20.4,-6.7,103.6,110.1,-6.5,56.6,1.29,15.9,24.1,71.6,48.3,16.2,50.7,55.1,101.75,46,"East","BKN"
"12","Brooklyn Nets","2018-2019",82,42,40,0.512,48.7,112.2,40.3,89.7,44.9,12.8,36.2,35.3,19,25.5,74.5,11,35.6,46.6,23.8,15.1,6.6,4.1,5.3,21.5,22,-0.1,108.9,109,-0.1,59.2,1.58,16.9,28.2,72,50.1,14.6,52,55.6,101.51,49.2,"East","BKN"
"13","Charlotte Hornets","2015-2016",82,48,34,0.585,48.4,103.4,37,84.4,43.9,10.6,29.4,36.2,18.7,23.7,79,9,35,43.9,21.7,12.5,7.3,5.3,5.5,18.1,20.4,2.7,106.4,103.7,2.7,58.6,1.73,16.7,24.4,75.4,49.9,12.9,50.2,54.5,96.24,51.1,"East","CHA"
"14","Charlotte Hornets","2018-2019",82,39,43,0.476,48.4,110.7,40.2,89.8,44.8,11.9,33.9,35.1,18.4,23.1,79.7,9.9,33.9,43.8,23.2,12.2,7.2,4.9,6,18.9,20.6,-1.1,110.7,112,-1.3,57.8,1.9,17,26.8,73.1,49.5,12.2,51.4,55.4,99.18,48.6,"East","CHA"
"15","Charlotte Hornets","2017-2018",82,36,46,0.439,48.2,108.2,39,86.7,45,10,27.2,36.9,20.2,27,74.7,10.1,35.4,45.5,21.6,12.7,6.8,4.5,4.9,17.2,22.4,0.3,109,109,-0.1,55.4,1.7,16.1,27.1,76.3,51.2,12.8,50.8,54.9,98.66,50,"East","CHA"
"16","Charlotte Hornets","2016-2017",82,36,46,0.439,48.4,104.9,37.7,85.4,44.2,10,28.6,35.1,19.4,23.8,81.5,8.8,34.8,43.6,23.1,11.5,7,4.8,5.5,16.6,19.9,0.2,108.4,108.4,0,61.1,2.01,17.6,24.7,74.9,49.6,11.9,50.1,54.7,95.92,50.5,"East","CHA"
"17","Chicago Bulls","2018-2019",82,22,60,0.268,48.5,104.9,39.8,87.9,45.3,9.1,25.9,35.1,16.2,20.7,78.3,8.8,34.1,42.9,21.9,14.1,7.4,4.3,5.8,20.3,18.7,-8.4,104.5,112.8,-8.3,55,1.55,16.3,24.2,72.7,48.3,14.1,50.5,54.1,99.3,45.3,"East","CHI"
"18","Chicago Bulls","2015-2016",82,42,40,0.512,48.5,101.6,38.6,87.4,44.1,7.9,21.4,37.1,16.5,21,78.7,11.1,35.2,46.3,22.8,13.9,6,5.7,5.7,18.8,18.7,-1.5,104.1,105.5,-1.4,59.1,1.64,17,29,71.4,50.6,14.2,48.7,52.6,96.6,49.4,"East","CHI"
"19","Chicago Bulls","2017-2018",82,27,55,0.329,48.4,102.9,38.7,88.8,43.5,11,31.1,35.5,14.6,19.2,75.9,9.6,35,44.7,23.5,14,7.6,3.5,5.2,19.2,17.4,-7,103.4,110.5,-7,60.7,1.68,17.3,25.6,76.7,50,14.1,49.7,52.9,98.65,45.3,"East","CHI"
"20","Chicago Bulls","2016-2017",82,41,41,0.5,48.2,102.9,38.6,87.1,44.4,7.6,22.3,34,18,22.5,79.8,12.2,34.1,46.3,22.6,13.6,7.8,4.8,4.6,17.7,18.8,0.4,106.5,106.2,0.3,58.4,1.66,16.8,31.1,73.3,51.9,14,48.7,53,96.02,50.4,"East","CHI"
"21","Cleveland Cavaliers","2015-2016",82,57,25,0.695,48.4,104.3,38.7,84,46,10.7,29.6,36.2,16.3,21.7,74.8,10.6,33.9,44.5,22.7,13.6,6.7,3.9,4.4,20.3,20.6,6,110.2,103.9,6.3,58.7,1.67,17.4,29.4,74.2,51.9,14.3,52.4,55.8,93.82,52.8,"East","CLE"
"22","Cleveland Cavaliers","2018-2019",82,19,63,0.232,48.2,104.5,38.9,87.6,44.4,10.3,29.1,35.5,16.4,20.7,79.2,10.7,31.9,42.7,20.7,13.5,6.5,2.4,5.6,20,19.4,-9.6,106.8,116.8,-10,53.2,1.54,15.6,28.2,73.2,49.6,13.8,50.3,54,97.38,43.6,"East","CLE"
"23","Cleveland Cavaliers","2016-2017",82,51,31,0.622,48.5,110.3,39.9,84.9,47,13,33.9,38.4,17.5,23.3,74.8,9.3,34.4,43.7,22.7,13.7,6.6,4,4.3,18.1,20.6,3.2,112.8,109.7,3.1,56.7,1.66,17.1,26.4,72.2,49.9,14,54.7,58,96.74,51,"East","CLE"
"24","Cleveland Cavaliers","2017-2018",82,50,32,0.61,48.1,110.9,40.4,84.8,47.6,12,32.1,37.2,18.1,23.3,77.9,8.5,33.7,42.1,23.4,13.7,7.1,3.8,4.1,18.6,20.7,0.9,112,111.1,1,57.9,1.7,17.5,24.3,73,49.2,13.9,54.7,58.4,98.72,50.2,"East","CLE"
"25","Dallas Mavericks","2015-2016",82,42,40,0.512,48.8,102.3,37.4,84.1,44.4,9.8,28.6,34.4,17.7,22.3,79.4,9.2,33.9,43.1,22.1,12.8,6.8,3.7,4.4,19.5,21.4,-0.3,105.5,105.9,-0.4,59.2,1.73,17,24.1,72.3,48.4,13.2,50.2,54.4,95.34,50.3,"West","DAL"
"26","Dallas Mavericks","2018-2019",82,33,49,0.402,48.2,108.9,38.8,86.9,44.7,12.5,36.6,34,18.8,25.3,74.2,10.1,35.2,45.3,23.4,14.2,6.5,4.3,4.5,20.1,23.2,-1.3,108.7,110.1,-1.5,60.3,1.64,17,27.3,73.4,50.3,14.2,51.9,55.5,99.6,49.2,"West","DAL"
"27","Dallas Mavericks","2017-2018",82,24,58,0.293,48.3,102.3,38.1,85.9,44.4,11.8,32.8,36,14.2,18.7,76.3,8.1,33.1,41.3,22.7,12.3,7,3.8,4.5,19.2,19.6,-3,105.4,108.4,-2.9,59.4,1.85,17.3,22.4,74.9,47.8,12.7,51.3,54.4,96.53,47.5,"West","DAL"
"28","Dallas Mavericks","2016-2017",82,33,49,0.402,48.2,97.9,36.2,82.3,44,10.7,30.2,35.5,14.8,18.5,80.1,7.9,30.7,38.6,20.8,11.9,7.5,3.7,3.4,19.1,19.4,-2.9,104.7,107.7,-3,57.4,1.75,16.8,21.6,73.3,46.5,12.7,50.5,54.1,93.11,47.9,"West","DAL"
"29","Denver Nuggets","2017-2018",82,46,36,0.561,48.5,110,40.7,86.6,47,11.5,30.9,37.1,17.1,22.3,76.7,11,33.5,44.5,25.1,15,7.6,4.9,4.8,18.7,20.7,1.5,111.4,110,1.4,61.7,1.68,18.2,30,73.6,51.7,15.1,53.6,57,97.69,51.1,"West","DEN"
"30","Denver Nuggets","2015-2016",82,33,49,0.402,48.4,101.9,37.7,85.4,44.2,8,23.7,33.8,18.5,24.1,76.6,11.5,33.1,44.6,22.7,14.7,7.4,4.8,6.3,21,20.9,-3.1,104.9,108.2,-3.3,60.1,1.55,16.9,30.4,73.2,51.3,15.1,48.9,53.1,96.34,47.9,"West","DEN"
"31","Denver Nuggets","2018-2019",82,54,28,0.659,48.1,110.7,41.9,90,46.6,11,31.4,35.1,15.8,20.9,75.5,11.9,34.5,46.4,27.4,13.4,7.7,4.4,5,20,20.4,4,112.1,108.1,4,65.3,2.04,19.3,30.8,74.4,52.4,13.6,52.7,55.8,98.49,52.4,"West","DEN"
"32","Denver Nuggets","2016-2017",82,40,42,0.488,48.2,111.7,41.2,87.7,46.9,10.6,28.8,36.8,18.7,24.2,77.4,11.8,34.6,46.4,25.3,15,6.9,3.9,4.9,19.1,20.2,0.5,112.2,111.7,0.4,61.5,1.69,18.2,31.4,75.3,53.2,15,53,56.8,99.18,50.3,"West","DEN"
"33","Detroit Pistons","2018-2019",82,41,41,0.5,48.4,107,38.8,88.3,44,12.1,34.8,34.8,17.3,23.1,74.7,11.4,33.6,45,22.5,13.8,6.9,4,5.1,22.1,21.3,-0.2,108.4,108.7,-0.3,57.9,1.63,16.5,29.1,74.5,50.9,14,50.9,54.4,97.88,48.2,"East","DET"
"34","Detroit Pistons","2017-2018",82,39,43,0.476,48.3,103.8,39.1,86.9,45,10.8,28.9,37.3,14.7,19.8,74.5,10.1,33.6,43.7,22.8,13.4,7.7,3.9,4.9,18.4,18.4,-0.1,106.6,106.7,-0.1,58.2,1.7,17.1,26.9,74,49.9,13.8,51.2,54.3,96.75,48.9,"East","DET"
"35","Detroit Pistons","2015-2016",82,44,38,0.537,48.5,102,37.9,86.4,43.9,9,26.2,34.5,17.1,25.5,66.8,12.5,33.9,46.3,19.4,13.5,7,3.7,4.5,19,21.6,0.6,105.3,104.9,0.3,51.2,1.44,14.8,31.3,75.3,52.1,14,49.1,52.2,95.75,48.6,"East","DET"
"36","Detroit Pistons","2016-2017",82,37,45,0.451,48.3,101.3,39.9,88.8,44.9,7.7,23.4,33,13.9,19.3,71.9,11.1,34.6,45.7,21.1,11.9,7,3.8,4.1,17.9,17.5,-1.1,105.3,106.7,-1.4,53,1.78,16.1,28.6,77.5,51.9,12.3,49.2,52.1,95.52,48.2,"East","DET"
"37","Golden State Warriors","2015-2016",82,73,9,0.89,48.5,114.9,42.5,87.3,48.7,13.1,31.6,41.6,16.7,21.8,76.3,10,36.2,46.2,28.9,15.2,8.4,6.1,4.1,20.7,19.8,10.8,113.5,102.8,10.6,68,1.91,20.4,26.7,72,50.7,15,56.3,59.3,100.24,56.7,"West","GSW"
"38","Golden State Warriors","2018-2019",82,57,25,0.695,48.3,117.7,44,89.8,49.1,13.3,34.4,38.5,16.3,20.4,80.1,9.7,36.5,46.2,29.4,14.3,7.6,6.4,3.6,21.4,19.5,6.5,115,108.6,6.5,66.8,2.06,20.4,25.7,72.7,50.5,13.9,56.5,59.6,101.73,54.6,"West","GSW"
"39","Golden State Warriors","2017-2018",82,58,24,0.707,48.1,113.5,42.8,85.1,50.3,11.3,28.9,39.1,16.6,20.3,81.5,8.4,35.1,43.5,29.3,15.4,8,7.5,3.7,19.6,18.5,6,112.8,106.8,5.9,68.5,1.9,20.9,24.3,71.2,49.7,15.3,56.9,60.3,100.35,55.4,"West","GSW"
"40","Golden State Warriors","2016-2017",82,67,15,0.817,48.2,115.9,43.1,87.1,49.5,12,31.2,38.3,17.8,22.6,78.8,9.4,35,44.4,30.4,14.8,9.6,6.8,3.8,19.3,19.4,11.6,114.8,103.4,11.4,70.5,2.06,21.2,27.2,70.9,50.4,14.6,56.3,59.7,100.37,57.9,"West","GSW"
"41","Houston Rockets","2016-2017",82,55,27,0.671,48.2,115.3,40.3,87.2,46.2,14.4,40.3,35.7,20.3,26.5,76.6,10.9,33.5,44.4,25.2,15.1,8.2,4.3,5,19.9,20.4,5.8,114.1,108.4,5.7,62.6,1.67,18.1,28.1,71.7,49.9,15,54.5,58.3,100.55,51.6,"West","HOU"
"42","Houston Rockets","2015-2016",82,41,41,0.5,48.4,106.5,37.7,83.5,45.2,10.7,30.9,34.7,20.4,29.4,69.4,11.3,31.7,43.1,22.2,15.9,10,5.2,4.9,21.8,22.5,0.2,107.3,107.3,0,58.9,1.39,16.4,29.7,69.2,49.2,16.1,51.6,55.3,98.42,49,"West","HOU"
"43","Houston Rockets","2018-2019",82,53,29,0.646,48.4,113.9,39.2,87.4,44.9,16.1,45.4,35.6,19.3,24.4,79.1,10.2,31.9,42.1,21.2,13.3,8.5,4.9,4.5,22,20,4.8,114.9,110.1,4.8,54.1,1.59,15.9,26.9,70,48.1,13.5,54.2,58.1,98.39,49.8,"West","HOU"
"44","Houston Rockets","2017-2018",82,65,17,0.793,48.2,112.4,38.7,84.2,46,15.3,42.3,36.2,19.6,25.1,78.1,9,34.5,43.5,21.5,13.8,8.5,4.8,4.4,19.5,20.4,8.5,114.1,105.7,8.4,55.7,1.56,16.4,25.4,75,50.3,14.1,55.1,59,98.02,53.1,"West","HOU"
"45","Indiana Pacers","2016-2017",82,42,40,0.512,48.4,105.1,39.3,84.5,46.5,8.6,23,37.6,17.9,22.1,81,9,33,42,22.5,13.8,8.2,5,5,19.5,19.5,-0.2,107.9,108.1,-0.2,57.2,1.63,17.2,25.5,71.3,48.8,14.1,51.6,55.8,96.59,50.5,"East","IND"
"46","Indiana Pacers","2017-2018",82,48,34,0.585,48.2,105.6,40.8,86.4,47.2,9,24.5,36.9,14.9,19.2,77.9,9.6,32.7,42.3,22.2,13.3,8.8,4.1,5.2,18.8,18.5,1.4,108.5,107.3,1.3,54.4,1.67,16.8,27.1,72.1,49.6,13.6,52.5,55.7,96.84,50.9,"East","IND"
"47","Indiana Pacers","2015-2016",82,45,37,0.549,48.5,102.2,38.3,85.2,45,8.1,23,35.1,17.4,22.8,76.4,10.3,33.9,44.2,21.2,14.9,9,4.8,4.5,20,20.4,1.7,103.8,102.2,1.6,55.4,1.43,16.1,27.1,71.4,49.4,15.1,49.7,53.6,97.35,51.8,"East","IND"
"48","Indiana Pacers","2018-2019",82,48,34,0.585,48.1,108,41.3,87,47.5,9.5,25.4,37.4,15.8,21.1,75.2,9.3,33.7,43,26,13.7,8.7,4.9,5.2,19.4,20,3.3,109.4,106,3.4,62.8,1.9,18.9,26.9,72.2,49.9,13.9,53,56.1,98.64,52.7,"East","IND"
"49","LA Clippers","2016-2017",82,51,31,0.622,48.2,108.7,39.5,83.2,47.5,10.3,27.4,37.5,19.3,26,74.5,9,34,43,22.5,13,7.5,4.2,3.1,19.8,22.4,4.3,111.8,107.5,4.4,57,1.74,17.2,25.6,73.3,50.1,13.3,53.7,57.4,96.77,52.7,"West","LAC"
"50","LA Clippers","2018-2019",82,48,34,0.585,48.4,115.1,41.3,87.5,47.1,10,25.8,38.8,22.6,28.5,79.2,9.7,35.8,45.5,24,14.5,6.8,4.7,6.1,23.3,24,0.9,111.4,110.4,1,58.2,1.65,17.1,26.3,72.2,50,14.1,52.9,57.5,102.66,50.5,"West","LAC"
"51","LA Clippers","2017-2018",82,42,40,0.512,48.1,109,40.3,85.4,47.1,9.5,26.8,35.4,19,25.5,74.3,10.1,33.7,43.9,22.3,14.7,7.7,4.5,5.6,20,22,0,109.4,109.2,0.2,55.5,1.52,16.5,28.4,71.8,50.4,14.7,52.7,56.4,99.54,49.7,"West","LAC"
"52","LA Clippers","2015-2016",82,53,29,0.646,48.4,104.5,38.3,82.4,46.5,9.7,26.7,36.4,18.2,26.2,69.2,8.8,33.3,42,22.8,13,8.6,5.6,3.2,21.3,22.5,4.3,107.2,102.7,4.5,59.6,1.76,17.4,23.4,69.7,47.2,13.3,52.4,55.6,96.81,53.3,"West","LAC"
"53","Los Angeles Lakers","2016-2017",82,26,56,0.317,48.1,104.6,39.3,87.4,45,8.9,25.7,34.6,17,22.6,75.4,11.4,32.1,43.5,20.9,15.2,8.2,3.9,5.4,20.7,18.5,-6.9,105.3,112,-6.7,53.2,1.38,15.6,28.4,71.7,49.4,15.3,50.1,53.7,99.26,44.6,"West","LAL"
"54","Los Angeles Lakers","2015-2016",82,17,65,0.207,48.1,97.3,35.1,84.8,41.4,7.8,24.6,31.7,19.3,24.7,78.1,10.7,32.3,43,18,13.7,7.2,4.1,5.6,20.3,19.2,-9.6,100.7,110.3,-9.7,51.3,1.31,14.1,27.1,71.2,48.4,14.2,46,50.9,96.55,42.4,"West","LAL"
"55","Los Angeles Lakers","2018-2019",82,37,45,0.451,48.2,111.8,42.6,90.5,47,10.3,31,33.3,16.3,23.3,69.9,10.2,36.4,46.6,25.6,15.7,7.5,5.4,5.1,20.7,20.8,-1.7,107.4,108.9,-1.6,60,1.63,17.8,27,72.5,50.2,15,52.7,55.4,103.6,49.5,"West","LAL"
"56","Los Angeles Lakers","2017-2018",82,35,47,0.427,48.5,108.1,40.7,88.4,46.1,10,29.1,34.5,16.6,23.3,71.4,10.7,35.7,46.4,23.8,15.8,7.7,4.7,5.5,21.2,20.5,-1.5,106,107.3,-1.3,58.4,1.51,17,27.9,72.9,50.5,15.5,51.7,54.8,100.9,49.1,"West","LAL"
"57","Memphis Grizzlies","2015-2016",82,42,40,0.512,48.4,99.1,36.8,83.6,44,6.1,18.5,33.1,19.3,24.7,78.3,11.2,30.5,41.6,20.7,13.3,8.8,4.3,5.7,21.7,21.1,-2.2,104.7,107.1,-2.4,56.2,1.56,16,29.8,70.9,49.5,14,47.7,52.4,93.95,48.3,"West","MEM"
"58","Memphis Grizzlies","2016-2017",82,43,39,0.524,48.5,100.5,36.4,83.6,43.5,9.4,26.5,35.4,18.3,23.4,78.4,10.8,32,42.8,21.3,12.9,8,4.2,5,22.4,20.8,0.5,107,106.5,0.5,58.4,1.65,16.5,29.5,73.1,50.7,13.7,49.1,53.5,92.84,50.1,"West","MEM"
"59","Memphis Grizzlies","2018-2019",82,33,49,0.402,48.5,103.5,38,84.4,45,9.9,28.9,34.2,17.7,23,77.2,8.8,33,41.8,23.9,14,8.3,5.5,4.9,22,21.4,-2.6,105.6,108,-2.4,63.1,1.71,17.9,24.7,72.4,48.4,14.3,50.8,54.8,97.15,49,"West","MEM"
"60","Memphis Grizzlies","2017-2018",82,22,60,0.268,48.1,99.3,36.7,82.8,44.4,9.2,26.2,35.2,16.6,21.1,78.6,9.5,31,40.5,21.5,15,7.5,4.8,5.1,23.2,20.4,-6.2,103.6,110.4,-6.8,58.6,1.44,16.6,27.6,72.1,49.3,15.6,50,53.9,95.65,46,"West","MEM"
"61","Miami Heat","2016-2017",82,41,41,0.5,48.2,103.2,39,85.8,45.5,9.9,27,36.5,15.2,21.6,70.6,10.6,33,43.6,21.2,13.4,7.2,5.7,4.9,20.5,18.7,1.1,107.4,106.4,1,54.4,1.58,16.3,28.4,71.8,49.9,14,51.2,54.1,95.51,50,"East","MIA"
"62","Miami Heat","2015-2016",82,48,34,0.585,48.4,100,38.4,81.7,47,6.1,18,33.6,17.1,23,74.4,9.8,34.3,44.1,20.8,14.1,6.7,6.5,4.1,18.3,19.6,1.6,105.5,103.7,1.7,54.3,1.48,16.3,28,72.9,51.2,14.8,50.8,54.5,94.14,52.5,"East","MIA"
"63","Miami Heat","2017-2018",82,44,38,0.537,48.6,103.4,38.8,85.3,45.5,11,30.6,36,14.7,19.5,75.5,9.3,34.2,43.5,22.7,14.4,7.6,5.3,4.6,20.1,19.4,0.5,106.2,105.8,0.4,58.5,1.58,17.1,26.1,74.1,50.1,14.8,52,55.1,96.1,50.5,"East","MIA"
"64","Miami Heat","2018-2019",82,39,43,0.476,48.1,105.7,39.6,88,45,11.3,32.4,34.9,15.1,21.7,69.5,11.2,35.1,46.3,24.3,14.7,7.6,5.5,4.7,20.9,20.1,-0.2,106.7,107.1,-0.4,61.2,1.65,17.6,29.1,73.1,50.9,14.9,51.5,54.2,98.74,50.1,"East","MIA"
"65","Milwaukee Bucks","2016-2017",82,42,40,0.512,48.2,103.6,38.8,81.9,47.4,8.8,23.7,37,17.2,22.4,76.8,8.8,31.6,40.4,24.2,14,8.1,5.3,4.6,20.2,19.3,-0.2,108.5,108.7,-0.2,62.4,1.73,18.5,26,70.6,48.7,14.6,52.7,56.5,94.99,50.4,"East","MIL"
"66","Milwaukee Bucks","2015-2016",82,33,49,0.402,48.4,99,38.4,82.2,46.7,5.4,15.6,34.5,17,22.7,74.7,10.5,31.2,41.7,23.1,15.2,8.2,5.8,5.6,20.7,19.5,-4.2,103.4,107.8,-4.5,60.3,1.52,17.6,28.6,68.9,49,15.9,49.9,53.7,95.05,48.3,"East","MIL"
"67","Milwaukee Bucks","2018-2019",82,60,22,0.732,48.2,118.1,43.4,91.1,47.6,13.5,38.2,35.3,17.9,23.2,77.3,9.3,40.4,49.7,26,13.9,7.5,5.9,4.8,19.6,20.2,8.9,113.5,104.9,8.6,60.1,1.88,18.3,25,75.7,51.6,13.3,55,58.3,103.57,55.3,"East","MIL"
"68","Milwaukee Bucks","2017-2018",82,44,38,0.537,48.4,106.5,39.7,83,47.8,8.8,24.7,35.5,18.3,23.4,78.3,8.4,31.5,39.8,23.2,13.8,8.8,5.4,4.5,21.4,19.9,-0.3,109,109.1,-0.2,58.5,1.68,17.7,24.4,70.9,48,14.2,53.1,57.1,97.03,50.2,"East","MIL"
"69","Minnesota Timberwolves","2018-2019",82,36,46,0.439,48.4,112.5,41.6,91.3,45.6,10.1,28.7,35.1,19.1,24.3,78.7,11.3,33.5,44.8,24.6,13.1,8.3,5,5.5,20.3,21.9,-1.5,110.6,112.2,-1.6,59.1,1.88,17.4,29.2,70.9,49.7,12.9,51.1,55.2,100.88,49.8,"West","MIN"
"70","Minnesota Timberwolves","2016-2017",82,31,51,0.378,48.3,105.6,39.5,84.4,46.7,7.3,21,34.9,19.3,24.2,79.9,11.4,31,42.4,23.7,14,8,4.5,5,20.1,20.5,-1.1,110,110.9,-0.9,60,1.69,17.7,30.9,71,50.7,14.6,51.1,55.5,95.48,50.1,"West","MIN"
"71","Minnesota Timberwolves","2015-2016",82,29,53,0.354,48.5,102.4,37.7,81.3,46.4,5.5,16.4,33.8,21.4,27,79.2,10,31.5,41.6,23.4,15,8,4.6,5.2,20.7,21.6,-3.5,105.4,109,-3.5,61.9,1.56,17.6,27.9,70.2,49.4,15.5,49.8,54.9,96.2,49.7,"West","MIN"
"72","Minnesota Timberwolves","2017-2018",82,47,35,0.573,48.3,109.5,41,86.1,47.6,8,22.5,35.7,19.4,24.1,80.4,10.3,31.6,42,22.7,12.5,8.4,4.2,4.7,18.2,20.9,2.2,112.5,110.2,2.3,55.3,1.82,17,28.9,72,50.3,12.8,52.3,56.6,96.75,51.8,"West","MIN"
"73","New Orleans Pelicans","2015-2016",82,30,52,0.366,48.2,102.7,38.5,85.9,44.8,8.6,23.8,36,17.3,22.2,77.6,9.5,33.1,42.6,22.2,13.4,7.7,4.2,5.2,20.9,19.9,-3.8,104.8,108.4,-3.7,57.7,1.65,16.8,25.2,74.8,49.3,13.7,49.8,53.7,97.64,47.2,"West","NOP"
"74","New Orleans Pelicans","2018-2019",82,33,49,0.402,48.2,115.4,43.7,92.2,47.3,10.3,29.9,34.4,17.8,23.4,76.1,11.1,36.2,47.3,27,14.8,7.4,5.4,5.4,21.1,21,-1.3,110.7,112,-1.3,61.9,1.82,18.6,28.5,72.9,50.9,14.2,52.9,56.3,103.89,49.8,"West","NOP"
"75","New Orleans Pelicans","2016-2017",82,34,48,0.415,48.5,104.3,39.1,87,45,9.4,26.8,35,16.7,22.3,75,8.6,35.1,43.7,22.8,12.9,7.8,5.5,4.2,18.2,19.3,-2.1,104.7,106.8,-2.1,58.2,1.77,17.1,22.8,72.8,48,12.9,50.4,53.9,98.56,49.3,"West","NOP"
"76","New Orleans Pelicans","2017-2018",82,48,34,0.585,48.7,111.7,42.7,88.3,48.3,10.2,28.2,36.2,16.1,20.9,77.2,8.7,35.6,44.3,26.8,14.9,8,5.9,4.2,19.1,20.4,1.3,108.5,107.4,1.1,62.7,1.79,19,24,72.6,49.4,14.5,54.1,57.3,101.48,52.5,"West","NOP"
"77","New York Knicks","2016-2017",82,31,51,0.378,48.4,104.3,39.6,88.5,44.7,8.6,24.7,34.8,16.6,21.1,78.8,12,33.2,45.2,21.8,13.9,7.1,5.5,4.6,20.3,18.5,-3.7,107.1,110.7,-3.6,55.1,1.57,16.3,30.5,69.8,50,14.3,49.6,53.4,96.63,48.2,"East","NYK"
"78","New York Knicks","2015-2016",82,32,50,0.39,48.3,98.4,36.9,84,43.9,7.4,21.5,34.6,17.2,21.4,80.5,10.4,34,44.4,20.5,13.4,5.7,5.7,4.2,19.7,18.5,-2.7,103.9,106.7,-2.8,55.7,1.53,16,28,71.8,50.2,14.2,48.3,52.7,94.12,48.7,"East","NYK"
"79","New York Knicks","2018-2019",82,17,65,0.207,48.2,104.6,38.2,88.3,43.3,10,29.5,34,18.1,23.9,75.9,10.5,34.3,44.7,20.1,14,6.8,5.1,5.6,20.9,20.8,-9.2,104,112.9,-8.9,52.5,1.43,14.9,26.4,71.7,48.6,14,49,52.9,100.16,44.2,"East","NYK"
"80","New York Knicks","2017-2018",82,29,53,0.354,48.4,104.5,40.7,87.7,46.4,8.2,23.3,35.2,14.9,19,78.7,10.5,33.6,44,23.3,14.7,6.7,5.1,4.7,20.5,18.4,-3.6,106.3,109.7,-3.4,57.3,1.58,17.2,28.9,72.7,50.9,15,51,54.4,97.64,48.1,"East","NYK"
"81","Oklahoma City Thunder","2017-2018",82,48,34,0.585,48.4,107.9,39.9,88.1,45.3,10.7,30.4,35.4,17.3,24.2,71.6,12.5,32.6,45.1,21.3,14,9.1,5,4.6,20.2,21.3,3.4,110.1,106.4,3.7,53.5,1.53,15.8,32,72.5,51.5,14.3,51.4,54.6,97.34,50.8,"West","OKC"
"82","Oklahoma City Thunder","2016-2017",82,47,35,0.573,48.3,106.6,39.5,87.4,45.2,8.4,25.8,32.7,19.2,25.8,74.5,12.2,34.4,46.6,21,15,7.9,5,5.5,20.9,20.7,0.8,107.9,107.1,0.8,53.2,1.4,15.5,32.3,74.2,52.8,15.2,50,54,98.18,49.9,"West","OKC"
"83","Oklahoma City Thunder","2015-2016",82,55,27,0.671,48.4,110.2,41.1,86.4,47.6,8.3,23.7,34.9,19.7,25.2,78.2,13.1,35.6,48.6,23,15.9,7.4,5.9,4.5,20.6,20.2,7.3,112.1,104.8,7.4,55.8,1.44,16.7,34.7,72,54.1,16.2,52.4,56.5,97.54,54.6,"West","OKC"
"84","Oklahoma City Thunder","2018-2019",82,49,33,0.598,48.4,114.5,42.6,94,45.4,11.4,32.6,34.8,17.8,25,71.3,12.6,35.5,48.1,23.4,14,9.3,5.2,5.1,22.4,22.5,3.4,109.8,106.5,3.4,54.8,1.67,16.3,29.8,73.8,50.9,13.4,51.4,54.5,103.38,50.6,"West","OKC"
"85","Orlando Magic","2017-2018",82,25,57,0.305,48.1,103.4,38.8,85.9,45.2,10.3,29.3,35.1,15.5,20.5,75.7,8.8,32.8,41.6,23.4,14.5,7.6,4.9,4.9,19.3,19,-4.8,104.7,109.4,-4.7,60.4,1.61,17.5,24.8,71.4,48,14.7,51.2,54.5,98.58,47.2,"East","ORL"
"86","Orlando Magic","2018-2019",82,42,40,0.512,48.2,107.3,40.4,89.1,45.4,11.4,32.1,35.6,15,19.2,78.2,10,35.4,45.4,25.5,13.2,6.6,5.4,4.4,18.6,18.7,0.7,108.2,107.6,0.6,63.2,1.94,18.6,25.9,75.4,50.4,13.3,51.8,55,98.65,50.8,"East","ORL"
"87","Orlando Magic","2016-2017",82,29,53,0.354,48.3,101.1,38.3,87,44,8.5,26.1,32.8,16,21.4,74.7,9.8,33.3,43.2,22.2,13.3,7.1,4.8,5.1,19.3,18.7,-6.6,103.7,110.3,-6.5,58,1.67,16.8,26.7,72.6,49.1,13.7,48.9,52.4,96.9,46,"East","ORL"
"88","Orlando Magic","2015-2016",82,35,47,0.427,48.5,102.1,39.5,86.8,45.5,7.8,22.2,35,15.2,20.1,75.7,10.3,33,43.3,23.6,14.1,8.2,5.1,5.5,20.7,18.3,-1.6,104.4,106,-1.6,59.6,1.67,17.6,27.1,72.6,49.5,14.4,50,53.3,96.68,48.8,"East","ORL"
"89","Philadelphia 76ers","2017-2018",82,52,30,0.634,48.2,109.8,40.8,86.6,47.2,11,29.8,36.9,17.1,22.8,75.2,10.9,36.5,47.4,27.1,16.5,8.3,5.1,5.1,22.1,20.4,4.5,108.5,103.9,4.6,66.3,1.64,19.1,28.6,73.6,52,16.3,53.5,56.8,100.75,54.2,"East","PHI"
"90","Philadelphia 76ers","2015-2016",82,10,72,0.122,48.3,97.4,36.2,84,43.1,9.3,27.5,33.9,15.7,22.6,69.4,9.5,31.8,41.2,21.5,16.4,8.3,6,5.7,21.7,19.2,-10.2,98.4,108.6,-10.2,59.4,1.31,16.3,25,69.3,46.6,16.5,48.7,51.9,98.44,42.8,"East","PHI"
"91","Philadelphia 76ers","2018-2019",82,51,31,0.622,48.3,115.2,41.5,88.2,47.1,10.8,30.2,35.9,21.2,27.5,77.1,10.9,36.9,47.8,26.9,14.9,7.4,5.3,4.1,21.3,22.1,2.7,111.6,109,2.6,64.8,1.8,18.7,27.8,74.1,51.7,14.4,53.2,57.4,102.59,52.9,"East","PHI"
"92","Philadelphia 76ers","2016-2017",82,28,54,0.341,48.4,102.4,37.7,85.3,44.2,10.1,29.8,34,17,22,77.1,9.8,33,42.8,23.8,16.7,8.4,5.1,5.4,21.9,19.6,-5.7,102.7,108.2,-5.5,63.1,1.43,17.4,27.3,70.9,49,16.7,50.1,53.9,99.07,47,"East","PHI"
"93","Phoenix Suns","2017-2018",82,21,61,0.256,48.1,103.9,38.5,87.1,44.2,9.3,27.9,33.4,17.7,23.9,74.1,10.3,33.9,44.1,21.3,15.7,6.9,4.5,6,22,20.9,-9.4,102.8,111.7,-9,55.3,1.35,15.6,27.1,72.4,49.3,15.5,49.5,53.2,101.14,44.2,"West","PHX"
"94","Phoenix Suns","2016-2017",82,24,58,0.293,48.4,107.7,39.9,88.5,45,7.5,22.6,33.2,20.4,26.3,77.6,11.9,33.1,45,19.6,15.4,8.2,4.9,5.3,24.8,22.2,-5.6,106.1,111.3,-5.2,49.1,1.27,14.4,29.9,71.8,50.3,15.2,49.3,53.8,100.85,46.2,"West","PHX"
"95","Phoenix Suns","2015-2016",82,23,59,0.28,48.1,100.9,37.2,85.6,43.5,9,25.8,34.8,17.5,23.2,75.1,11.5,33.3,44.8,20.7,17.2,7.7,3.8,5.5,22.7,21.6,-6.7,101.5,107.9,-6.5,55.8,1.21,15.4,29.7,73.3,50.8,17.3,48.7,52.6,99.39,45,"West","PHX"
"96","Phoenix Suns","2018-2019",82,19,63,0.232,48.5,107.5,40.1,87.4,45.9,9.6,29.3,32.9,17.6,22.7,77.9,9.1,31.3,40.4,23.9,15.6,9,5.1,5,23.6,20.7,-9.3,105.3,114.2,-8.9,59.5,1.53,17.3,24.7,68.3,46.4,15.3,51.4,55.2,101.15,45,"West","PHX"
"97","Portland Trail Blazers","2016-2017",82,41,41,0.5,48.6,107.9,39.5,86.1,45.9,10.4,27.7,37.5,18.5,23.7,78,10.1,33.5,43.7,21.1,13.7,7,5,5.3,21.2,19.8,-0.5,109.4,110,-0.6,53.4,1.54,16,26.9,72,49.6,13.9,52,55.9,97.38,49.3,"West","POR"
"98","Portland Trail Blazers","2017-2018",82,49,33,0.598,48.2,105.6,39.3,87,45.2,10.3,28.1,36.6,16.7,20.9,80,10.2,35.3,45.5,19.5,13.5,7,5.2,5.1,19.5,19.1,2.6,108.4,105.7,2.7,49.6,1.44,15,27.9,74.6,51.3,13.9,51.1,54.9,97.11,51,"West","POR"
"99","Portland Trail Blazers","2015-2016",82,44,38,0.537,48.3,105.1,38.6,85.9,45,10.5,28.5,37,17.4,23,75.4,11.6,33.9,45.5,21.3,14.6,6.9,4.6,5.2,21.7,19.5,0.8,107.6,106.8,0.8,55.2,1.46,16,29.4,72.8,51,15,51.1,54.8,97.06,49.3,"West","POR"
"100","Portland Trail Blazers","2018-2019",82,53,29,0.646,48.4,114.7,42.3,90.6,46.7,11,30.7,35.9,19,23.3,81.4,11.8,36.2,48,23,13.8,6.7,5,5.1,20.4,20.7,4.2,113.7,109.5,4.2,54.4,1.66,16.6,30.8,73.9,52.6,13.7,52.8,56.8,99.96,52.1,"West","POR"
"101","Sacramento Kings","2017-2018",82,27,55,0.329,48.2,98.8,38.8,86.1,45,9,24,37.5,12.3,16.7,73.5,9.5,31.4,40.9,21.6,13.7,7.8,4.1,4.7,20,17.3,-7,103.1,110.4,-7.3,55.6,1.57,16.6,26.4,73.1,48.9,14.3,50.2,52.9,95.5,45.1,"West","SAC"
"102","Sacramento Kings","2016-2017",82,32,50,0.39,48.5,102.8,37.9,82.1,46.1,9,23.9,37.6,18.1,23.3,77.5,8.7,32.3,41.1,22.5,14.6,7.6,4,5.1,20.3,20.1,-3.9,106.6,110.8,-4.2,59.4,1.54,17.3,25.8,72.3,49.2,15.2,51.6,55.6,95.42,47.8,"West","SAC"
"103","Sacramento Kings","2018-2019",82,39,43,0.476,48.1,114.2,43.2,93.1,46.4,11.3,29.9,37.8,16.5,22.7,72.6,11,34.4,45.4,25.4,13.4,8.3,4.4,5.1,21.4,21.4,-1.1,109.6,110.8,-1.2,58.8,1.9,17.7,26.8,71.3,48.7,12.8,52.4,55.4,103.88,49.5,"West","SAC"
"104","Sacramento Kings","2015-2016",82,33,49,0.402,48.3,106.6,40,86.4,46.4,8,22.4,35.9,18.5,25.5,72.5,10.6,33.7,44.2,24.5,16.2,8.9,4.5,5.3,20.4,22,-2.5,105.3,107.6,-2.3,61.2,1.52,17.6,28.1,71.7,50,16,51,54.6,100.66,49.4,"West","SAC"
"105","San Antonio Spurs","2017-2018",82,47,35,0.573,48.1,102.7,39,85.4,45.7,8.5,24.1,35.2,16.1,20.9,77.2,10.4,33.9,44.2,22.8,13.1,7.7,5.6,3.9,17.2,19.7,2.9,107.1,104.1,3,58.3,1.73,17.3,27.7,74.1,50.8,13.7,50.7,54.3,95.7,52.5,"West","SAS"
"106","San Antonio Spurs","2016-2017",82,61,21,0.744,48.3,105.3,39.3,83.7,46.9,9.2,23.5,39.1,17.6,22,79.7,10,33.9,43.9,23.8,13.4,8,5.9,4.1,18.3,19.8,7.2,110.3,102.9,7.4,60.6,1.77,18.1,28.2,73,51.1,14.1,52.4,56.4,94.86,55.1,"West","SAS"
"107","San Antonio Spurs","2015-2016",82,67,15,0.817,48.1,103.5,40.1,82.9,48.4,7,18.5,37.5,16.4,20.4,80.3,9.4,34.5,43.9,24.5,13.1,8.3,5.9,3.9,17.5,19.5,10.6,109.3,98.2,11.1,61.1,1.88,18.8,26.6,74.6,51.6,13.8,52.6,56.4,94.54,57.8,"West","SAS"
"108","San Antonio Spurs","2018-2019",82,48,34,0.585,48.3,111.7,42.3,88.4,47.8,9.9,25.3,39.2,17.2,21,81.9,9.2,35.5,44.7,24.5,12.1,6.1,4.7,4,18.1,19.6,1.7,112.2,110.5,1.6,58,2.03,18.1,24.6,74.4,50.1,12.2,53.4,57.2,98.89,51.6,"West","SAS"
"109","Toronto Raptors","2015-2016",82,56,26,0.683,48.2,102.7,36.7,81.3,45.1,8.6,23.4,37,20.8,26.7,77.7,10.2,33.2,43.4,18.7,13.1,7.8,5.5,5.4,19.6,22,4.5,109.3,104.8,4.4,51.1,1.43,14.9,30,73.6,52,13.9,50.4,55.2,93.35,52.5,"East","TOR"
"110","Toronto Raptors","2017-2018",82,59,23,0.72,48.4,111.7,41.3,87.4,47.2,11.8,33,35.8,17.3,21.8,79.4,9.8,34.2,44,24.3,13.4,7.6,6.1,4.9,21.7,19.9,7.8,113,105.3,7.7,59,1.82,17.9,27.4,72.5,50.2,13.5,53.9,57.5,98.02,53.8,"East","TOR"
"111","Toronto Raptors","2016-2017",82,51,31,0.622,48.2,106.9,39.2,84.4,46.4,8.8,24.3,36.3,19.7,24.7,79.6,10.6,32.6,43.3,18.5,12.7,8.3,4.9,4.8,20.8,20.3,4.2,111.4,107.1,4.3,47.2,1.46,14.5,29.1,71.7,50.5,13.2,51.7,56.1,95.41,51.6,"East","TOR"
"112","Toronto Raptors","2018-2019",82,58,24,0.707,48.5,114.4,42.2,89.1,47.4,12.4,33.8,36.6,17.7,22,80.4,9.6,35.6,45.2,25.4,14,8.3,5.3,4.5,21,20.5,6.1,112.6,106.8,5.8,60.3,1.81,18.2,26.5,72.6,50.2,13.8,54.3,57.9,100.52,53.3,"East","TOR"
"113","Utah Jazz","2016-2017",82,51,31,0.622,48.2,100.7,37,79.5,46.6,9.6,26,37.2,17.1,22.9,74.7,9.4,33.8,43.2,20.1,13.6,6.7,5,3.8,18.8,20.2,3.9,109,104.7,4.3,54.4,1.48,16.2,27,74.3,51.4,14.8,52.6,56.3,92.09,53.4,"West","UTA"
"114","Utah Jazz","2015-2016",82,40,42,0.488,48.7,97.7,36.1,80.4,44.9,8.5,23.9,35.5,17.1,23,74.4,10.7,32.5,43.2,19,14.9,7.7,5.2,4.7,20.2,19.9,1.8,105,103.2,1.8,52.6,1.27,15.1,30.3,73.1,51.7,16.1,50.1,54,91.66,50.8,"West","UTA"
"115","Utah Jazz","2017-2018",82,48,34,0.585,48.2,104.1,38.3,82.9,46.2,10.8,29.6,36.6,16.8,21.5,77.9,9,34.2,43.3,22.4,14.7,8.6,5.1,4.6,19.6,20.5,4.3,107.4,103,4.4,58.6,1.53,17.1,25.6,75.6,50.9,15.2,52.7,56.4,96.58,53.2,"West","UTA"
"116","Utah Jazz","2018-2019",82,50,32,0.61,48.2,111.7,40.4,86.4,46.8,12.1,34,35.6,18.8,25.5,73.6,10,36.4,46.4,26,15.1,8.1,5.9,4.6,21.1,22.4,5.3,110.3,105.3,5,64.4,1.72,18.5,27.5,75.9,52.2,14.9,53.8,57.2,100.84,53.9,"West","UTA"
"117","Washington Wizards","2017-2018",82,43,39,0.524,48.4,106.6,39.9,85.6,46.7,9.9,26.5,37.5,16.8,21.8,77.2,10,33.1,43.1,25.2,14.6,7.9,4.3,4.7,21.3,20,0.6,108.1,107.7,0.4,63.1,1.73,18.4,27.4,73.2,50.4,14.8,52.5,56,97.67,50.9,"East","WAS"
"118","Washington Wizards","2016-2017",82,49,33,0.598,48.4,109.2,41.3,87,47.5,9.2,24.8,37.2,17.3,22.1,78.4,10.3,32.6,42.9,23.9,14.2,8.5,4.1,4.6,21.3,19.8,1.8,110.4,108.8,1.7,57.7,1.68,17.6,28.6,71.6,50.1,14.3,52.8,56.4,97.94,51.1,"East","WAS"
"119","Washington Wizards","2015-2016",82,41,41,0.5,48.2,104.1,39.5,85.8,46,8.6,24.2,35.8,16.5,22.5,73,9.1,32.8,41.8,24.5,14.5,8.6,3.9,4.3,20.8,20.1,-0.5,104.5,105.1,-0.5,61.9,1.69,18.1,25,73.7,49,14.5,51.1,54.4,99.16,49.7,"East","WAS"
"120","Washington Wizards","2018-2019",82,32,50,0.39,48.6,114,42.1,90.1,46.8,11.3,33.3,34.1,18.4,23.9,76.8,9.7,32.7,42.4,26.3,14.1,8.3,4.6,4.6,20.7,21.2,-2.9,110.2,112.9,-2.7,62.3,1.87,18.4,25.2,70.6,47.7,13.6,53.1,56.7,102.24,48.7,"East","WAS"
